Title,Brand,prices
"Training,Walking,Cricket,Gym,Running Comfortable Sports Shoes for Men",Allen Cooper,1287
Men's North Plus Running Shoes,Campus,1299
Men's First Running Shoe,Campus,1329
Sm-678,Sparx,1518
Women's Walking Shoes,Red Tape,1224
Men's OXYFIT (N) Walking Shoe,Campus,498.
Mike (N) Men's Running Shoes,Campus,1138
Mens Vega-m1 Running Shoes,Bourge,759
Men's Crysta Running Shoes,Campus,636.
Mens Formal Shoes,Centrino,799
Mens Downshifter 12 Running,Nike,2996
mens City-ride Running Shoe Sport shoe,Campus,1087
Men's Sports Shoes Sports,BRUTON,249
Men's Rodeo-2 Running Shoes,Campus,611
Mens Sm-747 Sneaker,Sparx,759
"Grey Sports Shoes for Men's- Lace-Up Shoes, Perfect Walking & Running Shoes for Men",Red Tape,1540
Men's Sneaker,Red Tape,1231
Mens Loire-z170 Sneaker,Bourge,779
mens Snatch V2 Sneaker,Puma,1504
Women Sports LACE UP Shoes,Denill,499
All Type Gym Running Fitness Jogging Sports Shoes,aRICS,599
Men's Running Lightweight Casual Walking Sports White Shoes,YSCROWD,448
Running Shoe for Men O-5029,FURO,1299
Shoes for Trendy Shoes | Casual Shoes | Sports Shoes | Running Shoes | Exclusive Shoes for Men,BRUTON,249
Mens OGC 3608119 Sneaker,Woodland,2337
Mens Yking 2.0 Running Shoe,Adidas,2004
Men Mesh Sports Shoes for Men Running and Walking Shoes,Birde,284
Men's & Boys Multicolor Running Casual Sports Shoes,Amico,399
Men Black Walking Shoes,Red Tape,1724
Men Mesh Casual Shoes Sneakers for Men,Birde,279
Comfort Wandrer M,Reebok,1655
Mens Classigy M Shoes,Adidas,1483
Men's Maxico Running Shoes,Campus,899.
Men's Hurricane Running Shoes,Campus,949
Mens Energy Runner Lp Running Shoe,Reebok,1334
Mens Sx0379g Running Shoes,Sparx,831
Men's Panal Sneakers,U.S. POLO ASSN.,1649
Men's Altas & Radcliff Sports Running Shoe,Puma,2699
Rider-01 Sky White Phylon Sports Shoes for Men,ASIAN,1149
Men's Wonder-13 Sports Running Shoes,ASIAN,599
Mens Sx0614g Running Shoe,Sparx,535
Mens 5g-820 Running Shoe,Campus,1319
Gliders OLGREEN Mens Non-Leather Casual Shoes,Liberty,507
Men's Sports & Outdoor Running Shoes,LANCER,480
Men's Walking Shoes,Red Tape,1165
Mens Sx0680g Sneaker,Sparx,1199
"Nivia HY-Court 2.0 Badminton Shoe for Mens | Rubber Sole Shoes with Upper Mesh for Sports, Badminton, Volleyball, Squash, Table Tennis, Nonmarking Sole (Blue/White) Size - UK-12",Nivia,1488
mens 9911-03 Loafer,Centrino,599
Men's Sports Running Shoes Indus-251,LANCER,631
"Men's Achiever-15 Latest Stylish Casual Sneaker,Lace-up Lightweight with Extra Cushion Shoes for Running, Walking, Gym Shoes for Men's & Boy's",ASIAN,599
Mens Restound M Running Shoe,Adidas,1414
Men's Black Sneaker | Casual Shoe for Men,BRUTON,199
Men's Sports Athleisure Shoes,Red Tape,1165
"Men's Casual Sneaker Shoes for Men - Elevated Comfort, Perfect Casual Shoes for Men",Red Tape,1333
Men's Plasma Sports Running Shoe,Columbus,949
Mens Sx0707g Sneaker,Sparx,811
"Sports Shoes for Men|Grey for Running,Walking,Gym and Hiking Shoes ORI-9037",Bersache,1199
Supercross 4,SALOMON,12678
"Sports Shoes for Men |Latest Stylish Sports Shoes for Men |Lace-Up Lightweight Red Shoes for Running, Walking, Gym,Trekking and Hiking Shoes for Men (ORI-9015)",Bersache,899
Mens Sx0678g Running Shoe,Sparx,1439
"Shoes, Men's Sports Shoes, Perfect Sport Shoes & Running Shoes for Men's (Pack of 2 Combo)",BRUTON,449
Mens Sx0716g Running Shoe,Sparx,1609
"Sports Shoes for Men | Latest Stylish Sports Shoes for Men | Lace-Up Lightweight (Navy) Shoes for Running, Walking, Gym,Trekking and Hiking Shoes for Men ORI-9044",Bersache,1699
"Nivia HY-Court 2.0 Badminton Shoe for Mens | Rubber Sole Shoes with Upper Mesh for Sports, Badminton, Volleyball, Squash, Table Tennis, Nonmarking Sole (White/Blue) Size - UK-11",Nivia,1488
Womens Sl-146 Running Shoe,Sparx,556
Mens Acme M Sneaker,Adidas,2299
Mens Loire-z2 Running Shoes,Bourge,369
Mens Coarse Running Shoe,Puma,1949
"Wonder-11 Running Shoes,Training Shoes,Gym Shoes,Sports Shoes for Menâ€¦",ASIAN,614
Women Running Shoes,Flavia,389
"Crystal-13 Sports Running,Walking & Gym Shoes with Crystal Cushion Technology Lightweight Casual Sneaker Shoes for Men's & Boy's",ASIAN,1189
Mens Sm-717 Running Shoe,Sparx,1500
Men's Everest Running Shoes,Campus,1244
Men's Dragon Running Shoes,Campus,1619.
Men's Sm-675 Running Shoe,Sparx,849
Men's Oslo PRO Running Shoes,Campus,1319
M520ck6,new balance,2587
Unisex-Child Adi Ease 1.0 K Sneaker,Adidas,982
"Men's STUSSYY Comfortable, Walking, Stylish, Gym, Training, Sneakers, Running Shoe",OFF LIMITS,1990
Running/Walking/Office/Outdoor Shoe SM-680G,Sparx,1409
"2 Combo Men's Walking Shoes, Casual Shoes, Sneaker Shoes for Men (Pack of 2)",BRUTON,449
